{
    "mins": {
        "Temperature (K)": 1199.9680584215096,
        "AR": 0.0,
        "N2": 0.6228210383709165,
        "HE": 0.0,
        "H2": 0.0,
        "H": 0.0,
        "O2": 1.6715295239002877e-05,
        "O": 0.0,
        "H2O": 0.0,
        "OH": 0.0,
        "H2O2": 0.0,
        "HO2": 0.0,
        "NO": 0.0,
        "N2O": 0.0,
        "NO2": 0.0,
        "HNO": 0.0,
        "HNO2": 0.0,
        "HONO": 0.0,
        "HONO2": 0.0,
        "N2H2": 0.0,
        "H2NN": 0.0,
        "NH2OH": 0.0,
        "HNOH": 0.0,
        "NH3": 5.001115376685204e-10,
        "N2H4": 0.0,
        "N": 0.0,
        "NO3": 0.0,
        "NH": 0.0,
        "NNH": 0.0,
        "NH2": 0.0,
        "H2NO": 0.0,
        "N2H3": 0.0
    },
    "maxs": {
        "Temperature (K)": 2736.5594466252546,
        "AR": 0.0,
        "N2": 0.7770552414097022,
        "HE": 0.0,
        "H2": 0.0098600952274703,
        "H": 0.0006629115246833,
        "O2": 0.2119698369267116,
        "O": 0.0033734447760974,
        "H2O": 0.2118368835595405,
        "OH": 0.0149597052157435,
        "H2O2": 3.372872757183592e-06,
        "HO2": 7.981147339907545e-05,
        "NO": 0.0185149030522559,
        "N2O": 0.0039539252905409,
        "NO2": 4.148456447973828e-05,
        "HNO": 0.0003888540359914,
        "HNO2": 1.9097406683028737e-08,
        "HONO": 2.752004737265248e-06,
        "HONO2": 7.823895380129599e-11,
        "N2H2": 0.0006074349884376,
        "H2NN": 6.3188761852640025e-06,
        "NH2OH": 5.993560441259151e-06,
        "HNOH": 1.524710250927001e-05,
        "NH3": 0.1879780872771961,
        "N2H4": 1.2012555628231858e-05,
        "N": 0.0001588729935328,
        "NO3": 1.1323889084514927e-10,
        "NH": 0.0005656131872381,
        "NNH": 1.1415604112681394e-06,
        "NH2": 0.0030045098860216,
        "H2NO": 8.916498297734488e-05,
        "N2H3": 1.908488121393802e-06
    }
}